optical thickness,Uncertainity(optical thickness),maximum velocity,Uncertainity(maximum velocity),flux,total mass,mass of Ni,explosion energy,mass distribution flag,radial distribution flag
1.940628231,0.179353979,0.013530573,0.000669683,2.72E-06,0.75,0.15,0.75,hed8,hed8
2.071999342,0.210287264,0.012422758,0.000615043,2.98E-06,0.75,0.15,0.75,hed8,mwd
2.007981538,0.198803979,0.01274398,0.000684875,2.99E-06,0.75,0.15,0.75,hed8,N100
1.661535069,0.189435751,0.009934705,0.000348536,2.92E-06,0.75,0.15,0.75,hed8,w7dt
1.907671569,0.178606782,0.013342762,0.000744987,2.73E-06,0.75,0.15,2,hed8,hed8
2.088715909,0.207978022,0.013213034,0.000609493,2.96E-06,0.75,0.15,2,hed8,mwd
1.97465529,0.197229219,0.012570123,0.000448655,3.00E-06,0.75,0.15,2,hed8,N100
1.690648563,0.184100602,0.011478569,0.000445544,2.87E-06,0.75,0.15,2,hed8,w7dt
2.097732146,0.178501129,0.012717183,0.000515079,5.47E-06,0.75,0.3,0.75,hed8,hed8
2.452196417,0.210675793,0.014261802,0.000551573,5.82E-06,0.75,0.3,0.75,hed8,mwd
2.254266005,0.197652275,0.013327417,0.000628456,5.93E-06,0.75,0.3,0.75,hed8,N100
1.922253338,0.181442049,0.012420614,0.00058193,5.66E-06,0.75,0.3,0.75,hed8,w7dt
2.078323963,0.176553192,0.012890788,0.000569535,5.47E-06,0.75,0.3,2,hed8,hed8
2.37071001,0.210549061,0.013494992,0.000580496,5.88E-06,0.75,0.3,2,hed8,mwd
2.206230021,0.196934011,0.012978376,0.000619199,5.95E-06,0.75,0.3,2,hed8,N100
1.904767718,0.179592419,0.012696433,0.000540586,5.65E-06,0.75,0.3,2,hed8,w7dt
2.032761707,0.185801564,0.012650356,0.000803665,2.75E-06,1,0.15,0.75,hed8,hed8
2.32346862,0.215314577,0.014294622,0.000653552,2.92E-06,1,0.15,0.75,hed8,mwd
2.137034317,0.206057118,0.012402265,0.000447725,3.01E-06,1,0.15,0.75,hed8,N100
1.898138962,0.190047243,0.012720386,0.000685892,2.84E-06,1,0.15,0.75,hed8,w7dt
2.03489595,0.183677106,0.013152385,0.000613983,2.74E-06,1,0.15,2,hed8,hed8
2.266841918,0.214791207,0.013758273,0.000538132,2.94E-06,1,0.15,2,hed8,mwd
2.131055134,0.204481828,0.012709534,0.000479324,3.00E-06,1,0.15,2,hed8,N100
1.828378718,0.190593305,0.0116851,0.000353668,2.87E-06,1,0.15,2,hed8,w7dt
2.225891125,0.180899241,0.013083757,0.000635486,5.44E-06,1,0.3,0.75,hed8,hed8
2.546634982,0.216873986,0.013808566,0.00067837,5.84E-06,1,0.3,0.75,hed8,mwd
2.380301506,0.203489516,0.01328418,0.000626978,5.93E-06,1,0.3,0.75,hed8,N100
2.092682667,0.185746352,0.01352601,0.000575781,5.61E-06,1,0.3,0.75,hed8,w7dt
2.156675834,0.181520358,0.012311303,0.000496783,5.49E-06,1,0.3,2,hed8,hed8
2.507475367,0.21633845,0.013603978,0.000574867,5.87E-06,1,0.3,2,hed8,mwd
2.350442305,0.202366765,0.013220819,0.000588112,5.94E-06,1,0.3,2,hed8,N100
2.024611881,0.186082036,0.012777422,0.000529857,5.66E-06,1,0.3,2,hed8,w7dt
2.265856377,0.188351708,0.013525494,0.000636593,2.72E-06,1.4,0.15,0.75,hed8,hed8
2.495937736,0.223131894,0.013793769,0.000703616,2.94E-06,1.4,0.15,0.75,hed8,mwd
2.336306716,0.213566619,0.012399974,0.000486302,3.01E-06,1.4,0.15,0.75,hed8,N100
2.116283331,0.195835979,0.013436024,0.000621018,2.82E-06,1.4,0.15,0.75,hed8,w7dt
2.219244615,0.187953413,0.013133984,0.000481351,2.74E-06,1.4,0.15,2,hed8,hed8
2.427425855,0.223047834,0.013088322,0.000559941,2.96E-06,1.4,0.15,2,hed8,mwd
2.363571815,0.211395249,0.013153876,0.000584712,2.98E-06,1.4,0.15,2,hed8,N100
2.045468067,0.196069309,0.01255465,0.000579109,2.85E-06,1.4,0.15,2,hed8,w7dt
2.358749297,0.1857232,0.012616847,0.000485643,5.46E-06,1.4,0.3,0.75,hed8,hed8
2.701279655,0.223700869,0.013464453,0.000484529,5.86E-06,1.4,0.3,0.75,hed8,mwd
2.531915472,0.210771592,0.01282491,0.000463053,5.95E-06,1.4,0.3,0.75,hed8,N100
2.234384872,0.192782738,0.013106928,0.000640904,5.64E-06,1.4,0.3,0.75,hed8,w7dt
2.38994727,0.182464842,0.013472204,0.0005569,5.41E-06,1.4,0.3,2,hed8,hed8
2.664983525,0.223550527,0.013295272,0.000549034,5.88E-06,1.4,0.3,2,hed8,mwd
2.532487581,0.209158302,0.013163243,0.000500677,5.93E-06,1.4,0.3,2,hed8,N100
2.219367158,0.191889417,0.013324716,0.000536732,5.63E-06,1.4,0.3,2,hed8,w7dt
2.646482438,0.171661584,0.013157774,0.000577863,1.07E-05,1.4,0.6,0.75,hed8,hed8
3.021807411,0.220561504,0.013056289,0.00045047,1.16E-05,1.4,0.6,0.75,hed8,mwd
2.802307468,0.203035329,0.012738718,0.000411025,1.17E-05,1.4,0.6,0.75,hed8,N100
2.405629887,0.183150741,0.012536598,0.000470193,1.12E-05,1.4,0.6,0.75,hed8,w7dt
2.592234091,0.171524517,0.012847707,0.000526761,1.07E-05,1.4,0.6,2,hed8,hed8
3.009499574,0.219812425,0.013239179,0.000490529,1.16E-05,1.4,0.6,2,hed8,mwd
2.792170962,0.201947376,0.012956711,0.000432426,1.17E-05,1.4,0.6,2,hed8,N100
2.399111582,0.181167672,0.01291947,0.000496144,1.11E-05,1.4,0.6,2,hed8,w7dt
2.514495995,0.162446236,0.01246592,0.00053778,1.33E-05,1.4,0.75,0.75,hed8,hed8
3.158031326,0.219312105,0.013504055,0.000402029,1.43E-05,1.4,0.75,0.75,hed8,mwd
2.762959468,0.198969233,0.012371573,0.000438172,1.47E-05,1.4,0.75,0.75,hed8,N100
2.378219905,0.181544525,0.011672445,0.000505624,1.40E-05,1.4,0.75,0.75,hed8,w7dt
2.474724683,0.16236832,0.012284059,0.000468974,1.34E-05,1.4,0.75,2,hed8,hed8
3.071035679,0.21988169,0.012917521,0.000400882,1.45E-05,1.4,0.75,2,hed8,mwd
2.766382313,0.196985776,0.01276382,0.000421537,1.46E-05,1.4,0.75,2,hed8,N100
2.377727367,0.179324249,0.012184225,0.000529386,1.40E-05,1.4,0.75,2,hed8,w7dt
2.390941562,0.192089269,0.012966935,0.000522558,2.73E-06,1.8,0.15,0.75,hed8,hed8
2.592422881,0.229816623,0.012711276,0.000480024,2.97E-06,1.8,0.15,0.75,hed8,mwd
2.571580775,0.217310564,0.013279047,0.000483769,2.97E-06,1.8,0.15,0.75,hed8,N100
2.274052931,0.200327139,0.013451644,0.000627088,2.82E-06,1.8,0.15,0.75,hed8,w7dt
2.351962171,0.191518052,0.012695461,0.000565939,2.74E-06,1.8,0.15,2,hed8,hed8
2.622107707,0.228739885,0.01335486,0.000546338,2.95E-06,1.8,0.15,2,hed8,mwd
2.547411053,0.21660984,0.013216266,0.000455154,2.98E-06,1.8,0.15,2,hed8,N100
2.279012451,0.198468476,0.013945815,0.000781589,2.81E-06,1.8,0.15,2,hed8,w7dt
2.553151561,0.185106183,0.013390033,0.000598491,5.38E-06,1.8,0.3,0.75,hed8,hed8
2.918058098,0.228098369,0.01411557,0.000588402,5.79E-06,1.8,0.3,0.75,hed8,mwd
2.699015336,0.215135019,0.012905583,0.00049436,5.92E-06,1.8,0.3,0.75,hed8,N100
2.376675815,0.197294036,0.01310386,0.000591755,5.64E-06,1.8,0.3,0.75,hed8,w7dt
2.48473481,0.186149162,0.012751675,0.000417101,5.43E-06,1.8,0.3,2,hed8,hed8
2.844192661,0.228340017,0.013519077,0.00051185,5.84E-06,1.8,0.3,2,hed8,mwd
2.678201664,0.214567684,0.012917574,0.000494227,5.93E-06,1.8,0.3,2,hed8,N100
2.355567817,0.196243056,0.013175329,0.000511829,5.64E-06,1.8,0.3,2,hed8,w7dt
2.656982732,0.178042733,0.01189899,0.000489595,1.08E-05,1.8,0.6,0.75,hed8,hed8
3.142753503,0.225583407,0.0129041,0.000451683,1.16E-05,1.8,0.6,0.75,hed8,mwd
2.956875454,0.207302623,0.012976667,0.000482001,1.17E-05,1.8,0.6,0.75,hed8,N100
2.517272007,0.188939331,0.012383897,0.000461554,1.12E-05,1.8,0.6,0.75,hed8,w7dt
2.686697675,0.174875364,0.012621563,0.000525678,1.07E-05,1.8,0.6,2,hed8,hed8
3.188712479,0.22365461,0.013625964,0.000526161,1.15E-05,1.8,0.6,2,hed8,mwd
2.912307647,0.207172556,0.012780035,0.000390246,1.17E-05,1.8,0.6,2,hed8,N100
2.517108153,0.186899944,0.012811361,0.00046538,1.12E-05,1.8,0.6,2,hed8,w7dt
2.805688104,0.169454581,0.012520657,0.000403936,1.33E-05,1.8,0.75,0.75,hed8,hed8
3.27146127,0.222932951,0.012804811,0.00043371,1.43E-05,1.8,0.75,0.75,hed8,mwd
3.058146761,0.203198081,0.012830207,0.000491961,1.45E-05,1.8,0.75,0.75,hed8,N100
2.640221149,0.180548878,0.013005454,0.000525645,1.38E-05,1.8,0.75,0.75,hed8,w7dt
2.768250972,0.168818895,0.012424599,0.000437547,1.33E-05,1.8,0.75,2,hed8,hed8
3.249497068,0.222378566,0.012867029,0.00039652,1.44E-05,1.8,0.75,2,hed8,mwd
3.046880642,0.202193486,0.012995169,0.000469262,1.45E-05,1.8,0.75,2,hed8,N100
2.587935269,0.180994317,0.01271464,0.000532906,1.39E-05,1.8,0.75,2,hed8,w7dt
2.474994998,0.191811283,0.013164515,0.000622542,2.72E-06,2,0.15,0.75,hed8,hed8
2.756774215,0.23081155,0.013817556,0.000579615,2.92E-06,2,0.15,0.75,hed8,mwd
2.616644085,0.219935488,0.012769854,0.000500633,2.99E-06,2,0.15,0.75,hed8,N100
2.364811955,0.20125141,0.013763581,0.000585227,2.81E-06,2,0.15,0.75,hed8,w7dt
2.441782626,0.191450116,0.012983545,0.00058554,2.73E-06,2,0.15,2,hed8,hed8
2.73464257,0.230503727,0.013750863,0.000601148,2.93E-06,2,0.15,2,hed8,mwd
2.620227415,0.218787969,0.013098258,0.000437345,2.98E-06,2,0.15,2,hed8,N100
2.382591426,0.199465527,0.01440645,0.000678833,2.79E-06,2,0.15,2,hed8,w7dt
2.58931027,0.186987475,0.012960689,0.00052144,5.40E-06,2,0.3,0.75,hed8,hed8
2.938505666,0.230952975,0.013506444,0.000545489,5.83E-06,2,0.3,0.75,hed8,mwd
2.787098021,0.216745844,0.013046095,0.000492562,5.90E-06,2,0.3,0.75,hed8,N100
2.494487579,0.197064498,0.013879842,0.000683816,5.58E-06,2,0.3,0.75,hed8,w7dt
2.614714507,0.183606672,0.013638531,0.000630141,5.36E-06,2,0.3,2,hed8,hed8
2.951486886,0.230088262,0.013898191,0.000537803,5.81E-06,2,0.3,2,hed8,mwd
2.784053868,0.215737547,0.013298597,0.000489889,5.89E-06,2,0.3,2,hed8,N100
2.441985869,0.197004608,0.013501667,0.000556044,5.61E-06,2,0.3,2,hed8,w7dt
2.781098873,0.175319128,0.012768943,0.000501681,1.06E-05,2,0.6,0.75,hed8,hed8
3.23046952,0.227168633,0.013095868,0.000469581,1.15E-05,2,0.6,0.75,hed8,mwd
2.984232203,0.210143662,0.012561665,0.000440258,1.17E-05,2,0.6,0.75,hed8,N100
2.60714175,0.189179953,0.012844145,0.000450191,1.11E-05,2,0.6,0.75,hed8,w7dt
2.76185115,0.173826985,0.012887716,0.000422471,1.06E-05,2,0.6,2,hed8,hed8
3.227214825,0.226160285,0.013331071,0.000455404,1.15E-05,2,0.6,2,hed8,mwd
2.948769449,0.21031932,0.012455423,0.000430074,1.17E-05,2,0.6,2,hed8,N100
2.598158935,0.188247365,0.013098828,0.000458948,1.11E-05,2,0.6,2,hed8,w7dt
2.827678355,0.171161793,0.012246694,0.000541728,1.33E-05,2,0.75,0.75,hed8,hed8
3.335731527,0.224713045,0.012836508,0.000384934,1.43E-05,2,0.75,0.75,hed8,mwd
3.125136007,0.205145583,0.012917333,0.000497371,1.44E-05,2,0.75,0.75,hed8,N100
2.685399148,0.183419193,0.012866853,0.000459256,1.38E-05,2,0.75,0.75,hed8,w7dt
2.815986224,0.169562724,0.012454672,0.000457702,1.33E-05,2,0.75,2,hed8,hed8
3.311666579,0.22453818,0.012855207,0.000416913,1.43E-05,2,0.75,2,hed8,mwd
3.049919454,0.205521583,0.012444596,0.000425736,1.45E-05,2,0.75,2,hed8,N100
2.642916919,0.183687595,0.012689478,0.000519497,1.39E-05,2,0.75,2,hed8,w7dt
1.925154992,0.179805834,0.011908929,0.000448897,2.90E-06,0.75,0.15,0.75,mwd,hed8
2.285130323,0.213079399,0.013348768,0.000652113,2.90E-06,0.75,0.15,0.75,mwd,mwd
2.132708283,0.202034789,0.012834191,0.000498369,2.96E-06,0.75,0.15,0.75,mwd,N100
1.880671204,0.187966275,0.012887731,0.00060379,2.90E-06,0.75,0.15,0.75,mwd,w7dt
1.939054035,0.176101153,0.012760376,0.000669434,2.88E-06,0.75,0.15,2,mwd,hed8
2.269562419,0.212212871,0.013471041,0.000493046,2.90E-06,0.75,0.15,2,mwd,mwd
2.133678435,0.199868409,0.013335365,0.000514558,2.95E-06,0.75,0.15,2,mwd,N100
1.820271538,0.187220648,0.012184668,0.000547263,2.92E-06,0.75,0.15,2,mwd,w7dt
2.178723727,0.169958881,0.013244141,0.000596831,5.67E-06,0.75,0.3,0.75,mwd,hed8
2.525059722,0.215179365,0.012578883,0.000577495,5.82E-06,0.75,0.3,0.75,mwd,mwd
2.390092385,0.197702982,0.013387628,0.000574336,5.85E-06,0.75,0.3,0.75,mwd,N100
2.056969974,0.18279966,0.012940239,0.000492123,5.76E-06,0.75,0.3,0.75,mwd,w7dt
2.136659971,0.168895136,0.013021193,0.000601246,5.69E-06,0.75,0.3,2,mwd,hed8
2.551901784,0.21279373,0.013389389,0.000627799,5.77E-06,0.75,0.3,2,mwd,mwd
2.377757285,0.196162514,0.013651169,0.000563939,5.84E-06,0.75,0.3,2,mwd,N100
1.984402087,0.183173905,0.012137981,0.000459873,5.82E-06,0.75,0.3,2,mwd,w7dt
2.141693868,0.180954256,0.013436062,0.000573977,2.85E-06,1,0.15,0.75,mwd,hed8
2.433447866,0.219812259,0.013243307,0.000586639,2.91E-06,1,0.15,0.75,mwd,mwd
2.319036532,0.207607217,0.013305929,0.000547483,2.95E-06,1,0.15,0.75,mwd,N100
2.049954216,0.194309176,0.013400191,0.000507108,2.89E-06,1,0.15,0.75,mwd,w7dt
2.100140735,0.180378523,0.013139731,0.000521529,2.86E-06,1,0.15,2,mwd,hed8
2.447829896,0.218369204,0.013791434,0.000589841,2.89E-06,1,0.15,2,mwd,mwd
2.322008872,0.205907562,0.013749441,0.00053447,2.94E-06,1,0.15,2,mwd,N100
1.981475881,0.193812786,0.012597393,0.00043839,2.92E-06,1,0.15,2,mwd,w7dt
2.222014192,0.177335649,0.012000211,0.000402454,5.74E-06,1,0.3,0.75,mwd,hed8
2.760645371,0.218072867,0.013924784,0.000583639,5.71E-06,1,0.3,0.75,mwd,mwd
2.526086623,0.204113869,0.013366828,0.000468593,5.84E-06,1,0.3,0.75,mwd,N100
2.156439664,0.191128666,0.01248765,0.000468986,5.81E-06,1,0.3,0.75,mwd,w7dt
2.231683893,0.173932783,0.012635015,0.000437016,5.70E-06,1,0.3,2,mwd,hed8
2.744113271,0.217298709,0.014069902,0.000594992,5.71E-06,1,0.3,2,mwd,mwd
2.461955879,0.20390447,0.012836323,0.000457044,5.89E-06,1,0.3,2,mwd,N100
2.138640849,0.189104814,0.012701867,0.000536216,5.80E-06,1,0.3,2,mwd,w7dt
2.306898633,0.186401565,0.012921594,0.000546419,2.86E-06,1.4,0.15,0.75,mwd,hed8
2.672719481,0.226645198,0.013557204,0.000524265,2.89E-06,1.4,0.15,0.75,mwd,mwd
2.521767888,0.215633316,0.013036824,0.000465568,2.95E-06,1.4,0.15,0.75,mwd,N100
2.244625717,0.201849609,0.013348863,0.00063406,2.90E-06,1.4,0.15,0.75,mwd,w7dt
2.315961448,0.184029666,0.013445533,0.000660424,2.85E-06,1.4,0.15,2,mwd,hed8
2.678585911,0.225833878,0.013911884,0.000534531,2.88E-06,1.4,0.15,2,mwd,mwd
2.47599155,0.215201169,0.012703496,0.000464665,2.97E-06,1.4,0.15,2,mwd,N100
2.202548699,0.200951338,0.013058351,0.000667505,2.91E-06,1.4,0.15,2,mwd,w7dt
2.44952529,0.178333772,0.012979296,0.000558523,5.66E-06,1.4,0.3,0.75,mwd,hed8
2.965250039,0.224596825,0.014022518,0.000510254,5.68E-06,1.4,0.3,0.75,mwd,mwd
2.746304531,0.210310326,0.013628095,0.00053556,5.81E-06,1.4,0.3,0.75,mwd,N100
2.324548956,0.199072321,0.012373814,0.000486295,5.82E-06,1.4,0.3,0.75,mwd,w7dt
2.404830553,0.177876255,0.01270185,0.000462753,5.68E-06,1.4,0.3,2,mwd,hed8
2.85918978,0.225474447,0.013094485,0.000471509,5.76E-06,1.4,0.3,2,mwd,mwd
2.716794072,0.209694705,0.013574854,0.000508653,5.82E-06,1.4,0.3,2,mwd,N100
2.344703108,0.196083108,0.01314768,0.000539442,5.78E-06,1.4,0.3,2,mwd,w7dt
2.602812528,0.165615001,0.011905716,0.00039257,1.12E-05,1.4,0.6,0.75,mwd,hed8
3.269608056,0.21904537,0.013097618,0.000511905,1.12E-05,1.4,0.6,0.75,mwd,mwd
3.025503395,0.198725929,0.013380614,0.0004972,1.14E-05,1.4,0.6,0.75,mwd,N100
2.51187116,0.185593329,0.012153693,0.000474489,1.14E-05,1.4,0.6,0.75,mwd,w7dt
2.588804406,0.163447557,0.012121474,0.000465867,1.12E-05,1.4,0.6,2,mwd,hed8
3.177016477,0.220375025,0.0124948,0.000462691,1.14E-05,1.4,0.6,2,mwd,mwd
2.955650806,0.199423989,0.012984284,0.000488453,1.15E-05,1.4,0.6,2,mwd,N100
2.481097345,0.185101275,0.012155055,0.000511212,1.15E-05,1.4,0.6,2,mwd,w7dt
2.802688412,0.133991597,0.010936815,0.000473934,1.35E-05,1.4,0.75,0.75,mwd,hed8
3.531379191,0.216013349,0.013097016,0.000446263,1.39E-05,1.4,0.75,0.75,mwd,mwd
3.173024738,0.188415224,0.012616101,0.000519832,1.41E-05,1.4,0.75,0.75,mwd,N100
2.578792172,0.177304327,0.011600704,0.00052015,1.42E-05,1.4,0.75,0.75,mwd,w7dt
2.750580766,0.134991772,0.0106807,0.000468454,1.36E-05,1.4,0.75,2,mwd,hed8
3.500709974,0.21548733,0.013104105,0.000448451,1.39E-05,1.4,0.75,2,mwd,mwd
3.112692113,0.188965616,0.012329827,0.000501169,1.42E-05,1.4,0.75,2,mwd,N100
2.541217996,0.176952754,0.011535675,0.000498852,1.42E-05,1.4,0.75,2,mwd,w7dt
2.518231287,0.187280004,0.013569635,0.000627289,2.83E-06,1.8,0.15,0.75,mwd,hed8
2.864184662,0.231559741,0.013568803,0.000478145,2.88E-06,1.8,0.15,0.75,mwd,mwd
2.754681736,0.219615581,0.01356853,0.000584844,2.92E-06,1.8,0.15,0.75,mwd,N100
2.442683798,0.206131515,0.013751222,0.000683104,2.88E-06,1.8,0.15,0.75,mwd,w7dt
2.459057558,0.187129119,0.013065807,0.000510815,2.85E-06,1.8,0.15,2,mwd,hed8
2.814563255,0.231471077,0.013215265,0.000523353,2.89E-06,1.8,0.15,2,mwd,mwd
2.678660497,0.219769106,0.012896378,0.000463736,2.95E-06,1.8,0.15,2,mwd,N100
2.384624733,0.205579818,0.013263434,0.000464077,2.90E-06,1.8,0.15,2,mwd,w7dt
2.573169411,0.182176507,0.0125646,0.000433991,5.66E-06,1.8,0.3,0.75,mwd,hed8
3.072646662,0.230195442,0.013303805,0.000434891,5.71E-06,1.8,0.3,0.75,mwd,mwd
2.906085401,0.215720094,0.013390541,0.000515802,5.80E-06,1.8,0.3,0.75,mwd,N100
2.501668441,0.202574475,0.012740175,0.000545078,5.79E-06,1.8,0.3,0.75,mwd,w7dt
2.593937095,0.178863512,0.013216011,0.000443911,5.62E-06,1.8,0.3,2,mwd,hed8
3.086223365,0.229284117,0.013681349,0.000493032,5.69E-06,1.8,0.3,2,mwd,mwd
2.881262277,0.214839896,0.013388038,0.000551738,5.81E-06,1.8,0.3,2,mwd,N100
2.455697487,0.202595202,0.012456263,0.000437221,5.82E-06,1.8,0.3,2,mwd,w7dt
2.743052549,0.167251471,0.012248897,0.000464794,1.11E-05,1.8,0.6,0.75,mwd,hed8
3.404886477,0.223795232,0.012989327,0.000491227,1.12E-05,1.8,0.6,0.75,mwd,mwd
3.118886172,0.20616047,0.012840454,0.000490532,1.14E-05,1.8,0.6,0.75,mwd,N100
2.689938256,0.19080434,0.012708857,0.000492254,1.14E-05,1.8,0.6,0.75,mwd,w7dt
2.72195768,0.165938866,0.012360256,0.000505524,1.11E-05,1.8,0.6,2,mwd,hed8
3.380235969,0.223446084,0.013012697,0.000475507,1.12E-05,1.8,0.6,2,mwd,mwd
3.09817166,0.205154349,0.012920541,0.000462936,1.15E-05,1.8,0.6,2,mwd,N100
2.669110864,0.189353699,0.012833434,0.000472233,1.14E-05,1.8,0.6,2,mwd,w7dt
2.814051541,0.160290079,0.012027378,0.00045804,1.38E-05,1.8,0.75,0.75,mwd,hed8
3.54363409,0.220179382,0.01285511,0.000413154,1.39E-05,1.8,0.75,0.75,mwd,mwd
3.178964926,0.201987343,0.012291146,0.000475269,1.43E-05,1.8,0.75,0.75,mwd,N100
2.726632608,0.185185597,0.012199341,0.000501726,1.42E-05,1.8,0.75,0.75,mwd,w7dt
2.753002622,0.160868767,0.011665986,0.000452512,1.39E-05,1.8,0.75,2,mwd,hed8
3.462745829,0.221188741,0.0124267,0.000426496,1.40E-05,1.8,0.75,2,mwd,mwd
3.144950006,0.201558283,0.012239361,0.000469935,1.43E-05,1.8,0.75,2,mwd,N100
2.7203342,0.182990568,0.012533938,0.000553681,1.41E-05,1.8,0.75,2,mwd,w7dt
2.554937165,0.189025628,0.012998215,0.0004601,2.84E-06,2,0.15,0.75,mwd,hed8
2.965561621,0.23330863,0.013705855,0.00047475,2.86E-06,2,0.15,0.75,mwd,mwd
2.831138315,0.22151595,0.013399531,0.000512247,2.92E-06,2,0.15,0.75,mwd,N100
2.47244414,0.20875918,0.013072945,0.000544881,2.90E-06,2,0.15,0.75,mwd,w7dt
2.532856771,0.187736346,0.013031774,0.000535507,2.84E-06,2,0.15,2,mwd,hed8
2.893892399,0.23386801,0.013127741,0.000439874,2.89E-06,2,0.15,2,mwd,mwd
2.811436701,0.220823984,0.013442154,0.000430087,2.92E-06,2,0.15,2,mwd,N100
2.480487518,0.207151611,0.013504725,0.000496197,2.89E-06,2,0.15,2,mwd,w7dt
2.653747402,0.18195881,0.012724236,0.000488682,5.64E-06,2,0.3,0.75,mwd,hed8
3.188646263,0.231634415,0.013656186,0.000452568,5.67E-06,2,0.3,0.75,mwd,mwd
2.957277273,0.217956742,0.013063069,0.000507986,5.81E-06,2,0.3,0.75,mwd,N100
2.590514588,0.20406103,0.013015723,0.000511885,5.76E-06,2,0.3,0.75,mwd,w7dt
2.627296891,0.181292436,0.012712447,0.000522409,5.65E-06,2,0.3,2,mwd,hed8
3.107437996,0.232231485,0.013064958,0.000458825,5.72E-06,2,0.3,2,mwd,mwd
2.912277003,0.217752461,0.012810752,0.000456316,5.84E-06,2,0.3,2,mwd,N100
2.549198518,0.203724644,0.012787942,0.000469541,5.79E-06,2,0.3,2,mwd,w7dt
2.75897982,0.170400976,0.011746733,0.000454315,1.12E-05,2,0.6,0.75,mwd,hed8
3.47953067,0.225923574,0.013008085,0.000439594,1.12E-05,2,0.6,0.75,mwd,mwd
3.17050727,0.208617895,0.012647418,0.000429447,1.15E-05,2,0.6,0.75,mwd,N100
2.768619568,0.191932687,0.012914161,0.000536198,1.13E-05,2,0.6,0.75,mwd,w7dt
2.755511683,0.168523843,0.012040585,0.000447409,1.11E-05,2,0.6,2,mwd,hed8
3.42585901,0.226103177,0.012790231,0.000503571,1.12E-05,2,0.6,2,mwd,mwd
3.139897653,0.208030183,0.012618842,0.00045654,1.15E-05,2,0.6,2,mwd,N100
2.705829018,0.193024557,0.012477302,0.000490558,1.14E-05,2,0.6,2,mwd,w7dt
2.836551545,0.163021539,0.011721488,0.000431869,1.38E-05,2,0.75,0.75,mwd,hed8
3.621963173,0.222061033,0.012940033,0.000463989,1.38E-05,2,0.75,0.75,mwd,mwd
3.29245053,0.202686054,0.012753881,0.000509607,1.41E-05,2,0.75,0.75,mwd,N100
2.799670778,0.18720701,0.012379214,0.000497372,1.41E-05,2,0.75,0.75,mwd,w7dt
2.849607601,0.15927496,0.012237225,0.000458333,1.37E-05,2,0.75,2,mwd,hed8
3.541444293,0.222753779,0.012534909,0.000424769,1.39E-05,2,0.75,2,mwd,mwd
3.248570991,0.202659694,0.012633294,0.000447215,1.42E-05,2,0.75,2,mwd,N100
2.772410078,0.186459005,0.012424232,0.000438905,1.41E-05,2,0.75,2,mwd,w7dt
1.804003506,0.18430765,0.012406817,0.000652648,2.88E-06,0.75,0.15,0.75,N100,hed8
2.02072379,0.215858168,0.012165643,0.000511637,2.95E-06,0.75,0.15,0.75,N100,mwd
1.954767356,0.2057425,0.0125172,0.00049657,3.05E-06,0.75,0.15,0.75,N100,N100
1.69074653,0.19329578,0.010365878,0.000374044,3.00E-06,0.75,0.15,0.75,N100,w7dt
1.763381031,0.183218253,0.012038892,0.000463249,2.90E-06,0.75,0.15,2,N100,hed8
1.98494185,0.215088314,0.011846513,0.000402235,2.96E-06,0.75,0.15,2,N100,mwd
1.91183728,0.204927512,0.01204893,0.000460983,3.07E-06,0.75,0.15,2,N100,N100
1.689513472,0.189671497,0.0110169,0.000527849,2.97E-06,0.75,0.15,2,N100,w7dt
1.966341672,0.183312911,0.01229394,0.000573436,5.77E-06,0.75,0.3,0.75,N100,hed8
2.297403989,0.219645601,0.012776898,0.000467157,5.86E-06,0.75,0.3,0.75,N100,mwd
2.223237007,0.205566314,0.01377495,0.000476915,6.02E-06,0.75,0.3,0.75,N100,N100
1.9048074,0.187937465,0.011940967,0.000383675,5.88E-06,0.75,0.3,0.75,N100,w7dt
1.95842341,0.18039349,0.012712158,0.000527969,5.74E-06,0.75,0.3,2,N100,hed8
2.280799641,0.218166169,0.012976723,0.000445954,5.85E-06,0.75,0.3,2,N100,mwd
2.171348249,0.204325634,0.013369572,0.0005019,6.05E-06,0.75,0.3,2,N100,N100
2.176369877,0.239058171,0.012171452,0.000452236,5.73E-06,0.75,0.3,2,N100,w7dt
1.947764474,0.18998118,0.012584228,0.000572845,2.89E-06,1,0.15,0.75,N100,hed8
2.176919729,0.223451128,0.012324364,0.000483769,2.95E-06,1,0.15,0.75,N100,mwd
2.126813843,0.214246755,0.012770153,0.000551274,2.94E-06,1,0.15,0.75,N100,N100
1.910905937,0.196142912,0.012417459,0.000561024,2.94E-06,1,0.15,0.75,N100,w7dt
1.958859163,0.187263067,0.013273917,0.00055405,2.87E-06,1,0.15,2,N100,hed8
2.2040219,0.221534692,0.013156438,0.000587965,2.93E-06,1,0.15,2,N100,mwd
2.098700948,0.213269689,0.012612752,0.000470606,2.95E-06,1,0.15,2,N100,N100
1.860829481,0.195725869,0.011855749,0.000664386,2.96E-06,1,0.15,2,N100,w7dt
2.062216585,0.188258713,0.011995234,0.000528163,5.79E-06,1,0.3,0.75,N100,hed8
2.474953909,0.225103407,0.013486201,0.000545008,5.81E-06,1,0.3,0.75,N100,mwd
2.331672328,0.214441521,0.013196836,0.00058801,5.83E-06,1,0.3,0.75,N100,N100
2.017986041,0.195716206,0.011809281,0.000424134,5.91E-06,1,0.3,0.75,N100,w7dt
2.097195344,0.185040014,0.01313517,0.000634532,5.73E-06,1,0.3,2,N100,hed8
2.439439083,0.224239648,0.013346587,0.000465329,5.83E-06,1,0.3,2,N100,mwd
2.321150122,0.212666986,0.013435677,0.000577749,5.82E-06,1,0.3,2,N100,N100
1.989238912,0.194337672,0.011797131,0.000312844,5.91E-06,1,0.3,2,N100,w7dt
2.15459964,0.195045193,0.012938721,0.000563278,2.88E-06,1.4,0.15,0.75,N100,hed8
2.43768005,0.230940632,0.013191918,0.00046451,2.93E-06,1.4,0.15,0.75,N100,mwd
2.394913076,0.221006111,0.013702921,0.000571935,3.03E-06,1.4,0.15,0.75,N100,N100
2.11309547,0.203815645,0.012648592,0.000424143,2.94E-06,1.4,0.15,0.75,N100,w7dt
2.188427613,0.192429687,0.013932707,0.000564016,2.85E-06,1.4,0.15,2,N100,hed8
2.373954166,0.230927877,0.012528154,0.000513468,2.95E-06,1.4,0.15,2,N100,mwd
2.358336196,0.22004853,0.01346051,0.000510588,3.04E-06,1.4,0.15,2,N100,N100
2.075566996,0.203364879,0.012371058,0.000435932,2.95E-06,1.4,0.15,2,N100,w7dt
2.356778957,0.188990519,0.014128554,0.000639369,5.66E-06,1.4,0.3,0.75,N100,hed8
2.728817317,0.231993104,0.014310508,0.000542351,5.75E-06,1.4,0.3,0.75,N100,mwd
2.563820658,0.219798478,0.013823569,0.000562356,6.02E-06,1.4,0.3,0.75,N100,N100
2.255316607,0.200925095,0.012992095,0.000488,5.84E-06,1.4,0.3,0.75,N100,w7dt
2.282158727,0.189093851,0.013384778,0.00048907,5.71E-06,1.4,0.3,2,N100,hed8
2.691241381,0.231401851,0.014128429,0.000560712,5.77E-06,1.4,0.3,2,N100,mwd
2.59235489,0.217958926,0.014544091,0.000684848,5.98E-06,1.4,0.3,2,N100,N100
2.244692686,0.199010295,0.01327322,0.000488278,5.82E-06,1.4,0.3,2,N100,w7dt
2.545030347,0.1790554,0.013569687,0.000520882,1.12E-05,1.4,0.6,0.75,N100,hed8
3.046544506,0.230281602,0.013996463,0.000479292,1.14E-05,1.4,0.6,0.75,N100,mwd
2.84826089,0.213830827,0.013994462,0.000506857,1.19E-05,1.4,0.6,0.75,N100,N100
2.478720426,0.189366142,0.013386942,0.000562253,1.15E-05,1.4,0.6,0.75,N100,w7dt
2.511721704,0.177926985,0.013526607,0.000499054,1.12E-05,1.4,0.6,2,N100,hed8
3.014399121,0.229396506,0.01398294,0.000488781,1.14E-05,1.4,0.6,2,N100,mwd
2.819041088,0.212707677,0.014008171,0.000430265,1.19E-05,1.4,0.6,2,N100,N100
2.443625156,0.188433233,0.013351713,0.00060607,1.15E-05,1.4,0.6,2,N100,w7dt
2.660109739,0.162514428,0.012735455,0.000405853,1.39E-05,1.4,0.75,0.75,N100,hed8
3.126933726,0.232801372,0.013730855,0.000409477,1.43E-05,1.4,0.75,0.75,N100,mwd
2.511736042,0.190478931,0.013142697,0.000605645,1.49E-05,1.4,0.75,0.75,N100,N100
2.251754234,0.176517431,0.012888065,0.000572801,1.43E-05,1.4,0.75,0.75,N100,w7dt
2.650491761,0.160328947,0.013003775,0.000571888,1.38E-05,1.4,0.75,2,N100,hed8
3.117326887,0.231541495,0.013923952,0.000466389,1.43E-05,1.4,0.75,2,N100,mwd
2.534568065,0.188991962,0.013730122,0.000557255,1.48E-05,1.4,0.75,2,N100,N100
2.203309327,0.177294515,0.012458239,0.00042264,1.44E-05,1.4,0.75,2,N100,w7dt
2.353068019,0.19730645,0.01347887,0.000524218,2.86E-06,1.8,0.15,0.75,N100,hed8
2.667891699,0.236753601,0.013825369,0.000614995,2.90E-06,1.8,0.15,0.75,N100,mwd
2.650538527,0.225874522,0.014577739,0.000608413,2.99E-06,1.8,0.15,0.75,N100,N100
2.310021742,0.208258939,0.013182629,0.000472689,2.92E-06,1.8,0.15,0.75,N100,w7dt
2.374030103,0.195458165,0.014143508,0.000568797,2.84E-06,1.8,0.15,2,N100,hed8
2.66775491,0.236365375,0.014060602,0.000566778,2.90E-06,1.8,0.15,2,N100,mwd
2.610391516,0.225134618,0.01430909,0.000641807,3.01E-06,1.8,0.15,2,N100,N100
2.276068754,0.207521443,0.012981269,0.000489387,2.94E-06,1.8,0.15,2,N100,w7dt
2.480806211,0.19266692,0.013682989,0.000629594,5.67E-06,1.8,0.3,0.75,N100,hed8
2.908649878,0.237655949,0.01434799,0.000467176,5.74E-06,1.8,0.3,0.75,N100,mwd
2.781706386,0.224790074,0.014314859,0.000549233,5.97E-06,1.8,0.3,0.75,N100,N100
2.450732806,0.20456689,0.013609809,0.000514608,5.79E-06,1.8,0.3,0.75,N100,w7dt
2.432968731,0.192056729,0.013351701,0.000601607,5.70E-06,1.8,0.3,2,N100,hed8
2.839292649,0.237251146,0.01381111,0.000515386,5.78E-06,1.8,0.3,2,N100,mwd
2.744201931,0.223855074,0.014156159,0.000560236,5.99E-06,1.8,0.3,2,N100,N100
2.431979391,0.203311181,0.013691544,0.000536124,5.80E-06,1.8,0.3,2,N100,w7dt
2.663150889,0.182155166,0.013564472,0.000492732,1.12E-05,1.8,0.6,0.75,N100,hed8
3.212379082,0.235384758,0.014118843,0.000456183,1.13E-05,1.8,0.6,0.75,N100,mwd
2.94328182,0.220136107,0.013371884,0.000427782,1.19E-05,1.8,0.6,0.75,N100,N100
2.634612057,0.194854705,0.013643282,0.000567035,1.14E-05,1.8,0.6,0.75,N100,w7dt
2.608574667,0.182466152,0.013201666,0.000544841,1.13E-05,1.8,0.6,2,N100,hed8
3.177241425,0.234756443,0.014050304,0.000459361,1.14E-05,1.8,0.6,2,N100,mwd
2.973674126,0.218351078,0.014009702,0.000548227,1.19E-05,1.8,0.6,2,N100,N100
2.600360672,0.194182869,0.013581434,0.000506461,1.15E-05,1.8,0.6,2,N100,w7dt
2.784826476,0.175005871,0.013898184,0.000608648,1.38E-05,1.8,0.75,0.75,N100,hed8
3.343308623,0.233322106,0.014046447,0.000453394,1.41E-05,1.8,0.75,0.75,N100,mwd
3.121227267,0.215274718,0.01407164,0.000570775,1.47E-05,1.8,0.75,0.75,N100,N100
2.750068589,0.187363882,0.01409928,0.000569745,1.41E-05,1.8,0.75,0.75,N100,w7dt
2.711082165,0.175494928,0.013369087,0.000536316,1.39E-05,1.8,0.75,2,N100,hed8
3.304645317,0.232778995,0.013948267,0.000469326,1.41E-05,1.8,0.75,2,N100,mwd
3.05280592,0.215077893,0.013696621,0.000466908,1.48E-05,1.8,0.75,2,N100,N100
2.633881497,0.18971412,0.013020481,0.000496361,1.43E-05,1.8,0.75,2,N100,w7dt
2.469191371,0.197569033,0.014086267,0.000617777,2.84E-06,2,0.15,0.75,N100,hed8
2.792115415,0.239141253,0.014292336,0.000567914,2.88E-06,2,0.15,0.75,N100,mwd
2.692724455,0.230110104,0.013872079,0.000517689,2.90E-06,2,0.15,0.75,N100,N100
2.413132224,0.209730208,0.013570981,0.000502232,2.91E-06,2,0.15,0.75,N100,w7dt
2.419647581,0.197352108,0.013693093,0.000624736,2.85E-06,2,0.15,2,N100,hed8
2.706615092,0.23909555,0.013469924,0.000542126,2.91E-06,2,0.15,2,N100,mwd
2.649597454,0.229808821,0.013576823,0.000523116,2.91E-06,2,0.15,2,N100,N100
2.397742339,0.208651625,0.01369857,0.000516682,2.91E-06,2,0.15,2,N100,w7dt
2.577354316,0.192922447,0.014033694,0.000584813,5.64E-06,2,0.3,0.75,N100,hed8
3.011062084,0.239161685,0.014569632,0.000637371,5.71E-06,2,0.3,0.75,N100,mwd
2.858037838,0.228502375,0.01414308,0.000554871,5.75E-06,2,0.3,0.75,N100,N100
2.536192025,0.205894948,0.013801727,0.000574448,5.78E-06,2,0.3,0.75,N100,w7dt
2.53528318,0.19219911,0.013826572,0.000582027,5.66E-06,2,0.3,2,N100,hed8
3.003981742,0.238891926,0.014723385,0.000552082,5.71E-06,2,0.3,2,N100,mwd
2.840648647,0.227754276,0.014218555,0.000504891,5.75E-06,2,0.3,2,N100,N100
2.471623512,0.206046587,0.013211714,0.000549177,5.83E-06,2,0.3,2,N100,w7dt
2.707232408,0.183839369,0.013344512,0.000510294,1.12E-05,2,0.6,0.75,N100,hed8
3.298066514,0.237391729,0.014242536,0.000480458,1.13E-05,2,0.6,0.75,N100,mwd
3.052600414,0.223809732,0.01364048,0.000451133,1.14E-05,2,0.6,0.75,N100,N100
2.72005492,0.196594035,0.013884032,0.000501376,1.14E-05,2,0.6,0.75,N100,w7dt
2.655365918,0.183548537,0.013027727,0.000510324,1.13E-05,2,0.6,2,N100,hed8
3.266135074,0.236760905,0.014187891,0.000513784,1.13E-05,2,0.6,2,N100,mwd
3.032371981,0.223108521,0.013712998,0.000514781,1.14E-05,2,0.6,2,N100,N100
2.667445581,0.19610828,0.013595617,0.000514166,1.15E-05,2,0.6,2,N100,w7dt
2.739600663,0.180355504,0.012725018,0.000396752,1.40E-05,2,0.75,0.75,N100,hed8
3.397088349,0.235860612,0.013907322,0.000447567,1.41E-05,2,0.75,0.75,N100,mwd
3.195044812,0.220112191,0.013983858,0.000512942,1.41E-05,2,0.75,0.75,N100,N100
2.756899479,0.192258609,0.013406041,0.000414712,1.42E-05,2,0.75,0.75,N100,w7dt
2.737152315,0.178318044,0.013026468,0.000472043,1.40E-05,2,0.75,2,N100,hed8
3.352509899,0.235321332,0.013761063,0.000495344,1.42E-05,2,0.75,2,N100,mwd
3.114583047,0.219622808,0.013494542,0.00048794,1.42E-05,2,0.75,2,N100,N100
2.715370067,0.191834259,0.013273908,0.000451424,1.43E-05,2,0.75,2,N100,w7dt
1.961223675,0.165131605,0.012865019,0.000817212,2.83E-06,0.75,0.15,0.75,w7dt,hed8
2.228241622,0.207282251,0.012497577,0.000464303,2.98E-06,0.75,0.15,0.75,w7dt,mwd
2.11861106,0.192130345,0.012444332,0.000620022,3.00E-06,0.75,0.15,0.75,w7dt,N100
1.774006417,0.182168436,0.011742261,0.000677211,2.93E-06,0.75,0.15,0.75,w7dt,w7dt
1.934046647,0.164296439,0.012791314,0.000544185,2.84E-06,0.75,0.15,2,w7dt,hed8
2.209883462,0.206156104,0.012546039,0.000482798,2.98E-06,0.75,0.15,2,w7dt,mwd
2.099215568,0.190895652,0.012493585,0.000515871,3.00E-06,0.75,0.15,2,w7dt,N100
1.720596005,0.182351994,0.01097444,0.000399779,2.95E-06,0.75,0.15,2,w7dt,w7dt
2.093383841,0.160318326,0.01174956,0.000457272,5.67E-06,0.75,0.3,0.75,w7dt,hed8
2.511621599,0.206303665,0.01245192,0.000456551,5.90E-06,0.75,0.3,0.75,w7dt,mwd
2.356539219,0.187381646,0.012671676,0.00051156,5.93E-06,0.75,0.3,0.75,w7dt,N100
1.959284881,0.175669692,0.012192067,0.000641372,5.78E-06,0.75,0.3,0.75,w7dt,w7dt
2.08954798,0.156978981,0.012222552,0.000504413,5.65E-06,0.75,0.3,2,w7dt,hed8
2.518244863,0.204315581,0.012914657,0.00052824,5.88E-06,0.75,0.3,2,w7dt,mwd
2.344204036,0.185550058,0.012884127,0.000622377,5.92E-06,0.75,0.3,2,w7dt,N100
1.939854429,0.173686127,0.012383243,0.000540925,5.78E-06,0.75,0.3,2,w7dt,w7dt
2.077103958,0.169952318,0.012575562,0.000688067,2.84E-06,1,0.15,0.75,w7dt,hed8
2.409678597,0.212156267,0.013129852,0.000609458,2.95E-06,1,0.15,0.75,w7dt,mwd
2.180931575,0.202025614,0.010930021,0.000423077,3.06E-06,1,0.15,0.75,w7dt,N100
1.907461745,0.188210578,0.011933077,0.000497004,2.93E-06,1,0.15,0.75,w7dt,w7dt
1.998331924,0.171525558,0.011452656,0.000515534,2.88E-06,1,0.15,2,w7dt,hed8
2.374157631,0.211999201,0.01289075,0.000605298,2.96E-06,1,0.15,2,w7dt,mwd
2.202039385,0.198798783,0.011713837,0.000424748,3.03E-06,1,0.15,2,w7dt,N100
1.92741028,0.185170144,0.01287675,0.000484504,2.90E-06,1,0.15,2,w7dt,w7dt
2.223544685,0.161039249,0.012336941,0.000603639,5.61E-06,1,0.3,0.75,w7dt,hed8
2.676313872,0.210117204,0.013021279,0.000536361,5.85E-06,1,0.3,0.75,w7dt,mwd
2.471969621,0.192792665,0.012542858,0.00059093,5.93E-06,1,0.3,0.75,w7dt,N100
2.110835619,0.180968024,0.012931158,0.00067059,5.75E-06,1,0.3,0.75,w7dt,w7dt
2.188736672,0.160207858,0.012189282,0.000517561,5.64E-06,1,0.3,2,w7dt,hed8
2.66626471,0.209313267,0.013179682,0.000580371,5.85E-06,1,0.3,2,w7dt,mwd
2.467745303,0.191157433,0.012860213,0.000493007,5.91E-06,1,0.3,2,w7dt,N100
2.061197119,0.180598662,0.012504109,0.000599496,5.79E-06,1,0.3,2,w7dt,w7dt
2.251029714,0.172951368,0.012567786,0.000548637,2.82E-06,1.4,0.15,0.75,w7dt,hed8
2.600325908,0.219143374,0.012984192,0.000493117,2.95E-06,1.4,0.15,0.75,w7dt,mwd
2.459042983,0.204794398,0.012327892,0.000634545,3.00E-06,1.4,0.15,0.75,w7dt,N100
2.142437844,0.193517143,0.013093859,0.000532704,2.90E-06,1.4,0.15,0.75,w7dt,w7dt
2.198473144,0.173417152,0.012043117,0.000529087,2.85E-06,1.4,0.15,2,w7dt,hed8
2.562488976,0.218969783,0.012747157,0.000510781,2.96E-06,1.4,0.15,2,w7dt,mwd
2.467669497,0.202979913,0.012770495,0.000544414,2.98E-06,1.4,0.15,2,w7dt,N100
2.121768325,0.192324571,0.01313424,0.000556563,2.90E-06,1.4,0.15,2,w7dt,w7dt
2.362062572,0.165329888,0.012119138,0.000462308,5.61E-06,1.4,0.3,0.75,w7dt,hed8
2.825183938,0.217104008,0.012688432,0.000426055,5.85E-06,1.4,0.3,0.75,w7dt,mwd
2.625271516,0.19973532,0.012207118,0.000453493,5.93E-06,1.4,0.3,0.75,w7dt,N100
2.275390279,0.187993891,0.0129805,0.000607901,5.75E-06,1.4,0.3,0.75,w7dt,w7dt
2.325038596,0.165110918,0.011892922,0.000506429,5.63E-06,1.4,0.3,2,w7dt,hed8
2.819220328,0.216221978,0.012868131,0.00041655,5.84E-06,1.4,0.3,2,w7dt,mwd
2.609515952,0.199139344,0.012282233,0.000469515,5.93E-06,1.4,0.3,2,w7dt,N100
2.235339999,0.187219655,0.012751612,0.000620812,5.77E-06,1.4,0.3,2,w7dt,w7dt
2.501601757,0.152021994,0.010974274,0.000395537,1.11E-05,1.4,0.6,0.75,w7dt,hed8
3.141125922,0.210041779,0.01209719,0.000436086,1.15E-05,1.4,0.6,0.75,w7dt,mwd
2.854144008,0.189318538,0.011587101,0.000423547,1.17E-05,1.4,0.6,0.75,w7dt,N100
2.394382918,0.177382494,0.011727214,0.000452715,1.14E-05,1.4,0.6,0.75,w7dt,w7dt
2.464682368,0.152225666,0.010787844,0.0003921,1.12E-05,1.4,0.6,2,w7dt,hed8
3.125546642,0.209499036,0.012207187,0.000439363,1.15E-05,1.4,0.6,2,w7dt,mwd
2.807261229,0.189584385,0.011343918,0.000394693,1.17E-05,1.4,0.6,2,w7dt,N100
2.378117528,0.175505358,0.011899167,0.000545912,1.14E-05,1.4,0.6,2,w7dt,w7dt
2.564741974,0.138830189,0.010632331,0.000428684,1.37E-05,1.4,0.75,0.75,w7dt,hed8
3.300661759,0.205405952,0.012137641,0.000426664,1.42E-05,1.4,0.75,0.75,w7dt,mwd
2.904384669,0.178439458,0.010337224,0.000408902,1.45E-05,1.4,0.75,0.75,w7dt,N100
2.356365981,0.172436029,0.009841711,0.000397931,1.43E-05,1.4,0.75,0.75,w7dt,w7dt
2.540886327,0.13754042,0.010682289,0.000423681,1.37E-05,1.4,0.75,2,w7dt,hed8
3.239733043,0.206614622,0.011824223,0.000410294,1.43E-05,1.4,0.75,2,w7dt,mwd
2.884802203,0.177346769,0.010431122,0.000421942,1.45E-05,1.4,0.75,2,w7dt,N100
2.362086255,0.168750467,0.010447622,0.000482194,1.42E-05,1.4,0.75,2,w7dt,w7dt
2.376611421,0.175577456,0.012169051,0.000529819,2.82E-06,1.8,0.15,0.75,w7dt,hed8
2.779687364,0.224077901,0.013027598,0.000565955,2.93E-06,1.8,0.15,0.75,w7dt,mwd
2.65390004,0.208174776,0.012594803,0.000515252,2.97E-06,1.8,0.15,0.75,w7dt,N100
2.267415888,0.198678857,0.012598722,0.000545505,2.91E-06,1.8,0.15,0.75,w7dt,w7dt
2.356060741,0.17474868,0.012206703,0.000483961,2.83E-06,1.8,0.15,2,w7dt,hed8
2.788604477,0.223170268,0.013355449,0.000557856,2.93E-06,1.8,0.15,2,w7dt,mwd
2.658626552,0.207133481,0.012908784,0.000527201,2.96E-06,1.8,0.15,2,w7dt,N100
2.258248351,0.197466019,0.012839274,0.000550782,2.90E-06,1.8,0.15,2,w7dt,w7dt
2.442943374,0.170137956,0.011352461,0.000492685,5.64E-06,1.8,0.3,0.75,w7dt,hed8
2.952910849,0.222533169,0.012372266,0.000490047,5.85E-06,1.8,0.3,0.75,w7dt,mwd
2.758054483,0.20497413,0.011890461,0.000529472,5.93E-06,1.8,0.3,0.75,w7dt,N100
2.368753648,0.194364086,0.012245181,0.000462234,5.80E-06,1.8,0.3,0.75,w7dt,w7dt
2.418554587,0.169228646,0.011317183,0.00047774,5.65E-06,1.8,0.3,2,w7dt,hed8
2.96179367,0.221567664,0.012713082,0.00046255,5.83E-06,1.8,0.3,2,w7dt,mwd
2.767970054,0.203534307,0.012276104,0.000548602,5.90E-06,1.8,0.3,2,w7dt,N100
2.372217151,0.19264791,0.012661083,0.00049955,5.78E-06,1.8,0.3,2,w7dt,w7dt
2.584443866,0.155482134,0.010838333,0.000440187,1.11E-05,1.8,0.6,0.75,w7dt,hed8
3.273247471,0.214310384,0.012102404,0.000399972,1.14E-05,1.8,0.6,0.75,w7dt,mwd
2.944222051,0.196187051,0.011199708,0.000432448,1.17E-05,1.8,0.6,0.75,w7dt,N100
2.562284921,0.180475862,0.012426347,0.000524339,1.13E-05,1.8,0.6,0.75,w7dt,w7dt
2.556217179,0.155073683,0.010769938,0.000447272,1.11E-05,1.8,0.6,2,w7dt,hed8
3.234447888,0.214731432,0.011967918,0.000458358,1.15E-05,1.8,0.6,2,w7dt,mwd
2.915313349,0.195497831,0.011154439,0.000452029,1.17E-05,1.8,0.6,2,w7dt,N100
2.499267887,0.181841269,0.011864334,0.000457084,1.15E-05,1.8,0.6,2,w7dt,w7dt
2.618976983,0.151895741,0.010145457,0.000442092,1.38E-05,1.8,0.75,0.75,w7dt,hed8
3.34837378,0.212000141,0.011496778,0.000397017,1.43E-05,1.8,0.75,0.75,w7dt,mwd
3.034717372,0.190447994,0.011038929,0.000428643,1.45E-05,1.8,0.75,0.75,w7dt,N100
2.587407882,0.175897065,0.011759671,0.000493126,1.42E-05,1.8,0.75,0.75,w7dt,w7dt
2.621222632,0.147864111,0.010565091,0.000415309,1.37E-05,1.8,0.75,2,w7dt,hed8
3.340924535,0.211460419,0.01163848,0.000384717,1.43E-05,1.8,0.75,2,w7dt,mwd
3.035850653,0.188678747,0.011309027,0.000431525,1.45E-05,1.8,0.75,2,w7dt,N100
2.536146775,0.176595211,0.011416868,0.000502853,1.43E-05,1.8,0.75,2,w7dt,w7dt
2.424133443,0.176978652,0.011886602,0.000491793,2.83E-06,2,0.15,0.75,w7dt,hed8
2.822390221,0.226759883,0.012579415,0.000463941,2.94E-06,2,0.15,0.75,w7dt,mwd
2.713145568,0.210747254,0.012335705,0.00058262,2.97E-06,2,0.15,0.75,w7dt,N100
2.396230797,0.198665311,0.013555562,0.000698227,2.87E-06,2,0.15,0.75,w7dt,w7dt
2.399100566,0.176394272,0.011831259,0.000536217,2.83E-06,2,0.15,2,w7dt,hed8
2.774349369,0.227187811,0.012201816,0.000439323,2.96E-06,2,0.15,2,w7dt,mwd
2.684651423,0.210454032,0.012209773,0.000461862,2.98E-06,2,0.15,2,w7dt,N100
2.369827923,0.197934579,0.013459279,0.000634703,2.88E-06,2,0.15,2,w7dt,w7dt
2.5413569,0.168057431,0.01193962,0.000523053,5.58E-06,2,0.3,0.75,w7dt,hed8
3.046669795,0.223762383,0.012612297,0.000447786,5.82E-06,2,0.3,0.75,w7dt,mwd
2.843889463,0.206436712,0.012056996,0.000486206,5.90E-06,2,0.3,0.75,w7dt,N100
2.47830628,0.194534384,0.012944788,0.000550023,5.74E-06,2,0.3,0.75,w7dt,w7dt
2.480013716,0.169922438,0.011358062,0.000477138,5.63E-06,2,0.3,2,w7dt,hed8
3.021335483,0.224015601,0.012540246,0.000438438,5.83E-06,2,0.3,2,w7dt,mwd
2.821498686,0.205859303,0.012032454,0.000451315,5.91E-06,2,0.3,2,w7dt,N100
2.45694933,0.193417149,0.012968639,0.000590513,5.75E-06,2,0.3,2,w7dt,w7dt
2.633231746,0.156929256,0.010817722,0.000411476,1.11E-05,2,0.6,0.75,w7dt,hed8
3.310847275,0.217219346,0.011868433,0.000444864,1.15E-05,2,0.6,0.75,w7dt,mwd
3.047528131,0.196156251,0.011676837,0.000474747,1.16E-05,2,0.6,0.75,w7dt,N100
2.617613885,0.182442839,0.012398516,0.0004227,1.13E-05,2,0.6,0.75,w7dt,w7dt
2.594768152,0.156901679,0.010615198,0.0004346,1.11E-05,2,0.6,2,w7dt,hed8
3.304419177,0.216539092,0.01202315,0.000427879,1.15E-05,2,0.6,2,w7dt,mwd
3.004729442,0.196526747,0.011457671,0.000493888,1.16E-05,2,0.6,2,w7dt,N100
2.570785518,0.18324471,0.012080994,0.00041841,1.14E-05,2,0.6,2,w7dt,w7dt
2.667212144,0.15194885,0.010295693,0.000443013,1.38E-05,2,0.75,0.75,w7dt,hed8
3.41304389,0.21375621,0.011561053,0.000406297,1.42E-05,2,0.75,0.75,w7dt,mwd
3.10595151,0.192024281,0.01122194,0.000441594,1.44E-05,2,0.75,0.75,w7dt,N100
2.651333423,0.177354651,0.011913672,0.00053567,1.41E-05,2,0.75,0.75,w7dt,w7dt
2.664972721,0.149238919,0.010600026,0.00043176,1.37E-05,2,0.75,2,w7dt,hed8
3.401587806,0.213208728,0.011659776,0.000409862,1.42E-05,2,0.75,2,w7dt,mwd
3.091225146,0.191139165,0.011329394,0.000493807,1.44E-05,2,0.75,2,w7dt,N100
2.620691719,0.177249252,0.011843257,0.000501126,1.42E-05,2,0.75,2,w7dt,w7dt
